<?xml version="1.0" encoding="utf-8"?>
<admin_navigation>
  <navigation navigation_id="addOnDevelopment" parent_navigation_id="development" display_order="1" link="" admin_permission_id="" debug_only="1" hide_no_children="1"/>
  <navigation navigation_id="addOns" parent_navigation_id="setup" display_order="100" link="add-ons" admin_permission_id="" debug_only="0" hide_no_children="1"/>
  <navigation navigation_id="adminNavigation" parent_navigation_id="navigation" display_order="10" link="admin-navigation" admin_permission_id="" debug_only="1" hide_no_children="0"/>
  <navigation navigation_id="adminPermissions" parent_navigation_id="permissions" display_order="50" link="admin-permissions" admin_permission_id="" debug_only="1" hide_no_children="0"/>
  <navigation navigation_id="adminStyleProperties" parent_navigation_id="adminStyling" display_order="20" link="admin-style-properties" admin_permission_id="" debug_only="1" hide_no_children="0"/>
  <navigation navigation_id="adminStyling" parent_navigation_id="development" display_order="20" link="" admin_permission_id="" debug_only="0" hide_no_children="1"/>
  <navigation navigation_id="adminTemplates" parent_navigation_id="adminStyling" display_order="10" link="admin-templates" admin_permission_id="" debug_only="1" hide_no_children="0"/>
  <navigation navigation_id="admins" parent_navigation_id="usersSection" display_order="120" link="admins" admin_permission_id="user" debug_only="0" hide_no_children="0"/>
  <navigation navigation_id="appearance" parent_navigation_id="" display_order="40" link="appearance" admin_permission_id="" debug_only="0" hide_no_children="1"/>
  <navigation navigation_id="applications" parent_navigation_id="" display_order="20" link="applications" admin_permission_id="" debug_only="0" hide_no_children="1"/>
  <navigation navigation_id="bannedEmails" parent_navigation_id="banning" display_order="20" link="banning/emails" admin_permission_id="" debug_only="0" hide_no_children="0"/>
  <navigation navigation_id="bannedIps" parent_navigation_id="banning" display_order="30" link="banning/ips" admin_permission_id="" debug_only="0" hide_no_children="0"/>
  <navigation navigation_id="bannedUsers" parent_navigation_id="banning" display_order="10" link="banning/users" admin_permission_id="" debug_only="0" hide_no_children="0"/>
  <navigation navigation_id="banning" parent_navigation_id="users" display_order="20" link="" admin_permission_id="ban" debug_only="0" hide_no_children="1"/>
  <navigation navigation_id="bbCodeAndSmilies" parent_navigation_id="setup" display_order="40" link="" admin_permission_id="" debug_only="0" hide_no_children="1"/>
  <navigation navigation_id="bbCodeMediaSites" parent_navigation_id="bbCodeAndSmilies" display_order="20" link="bb-code-media-sites" admin_permission_id="bbCodeSmilie" debug_only="0" hide_no_children="0"/>
  <navigation navigation_id="captcha" parent_navigation_id="tools" display_order="20" link="captcha-questions" admin_permission_id="option" debug_only="0" hide_no_children="1"/>
  <navigation navigation_id="captchaQuestion" parent_navigation_id="captcha" display_order="10" link="captcha-questions" admin_permission_id="" debug_only="0" hide_no_children="0"/>
  <navigation navigation_id="codeEventListeners" parent_navigation_id="codeEventsAndListeners" display_order="20" link="code-event-listeners" admin_permission_id="" debug_only="1" hide_no_children="0"/>
  <navigation navigation_id="codeEvents" parent_navigation_id="codeEventsAndListeners" display_order="10" link="code-events" admin_permission_id="" debug_only="1" hide_no_children="0"/>
  <navigation navigation_id="codeEventsAndListeners" parent_navigation_id="development" display_order="10" link="" admin_permission_id="" debug_only="0" hide_no_children="1"/>
  <navigation navigation_id="color" parent_navigation_id="stylesAndTemplates" display_order="20" link="style-properties/color" admin_permission_id="style" debug_only="0" hide_no_children="0"/>
  <navigation navigation_id="createAddOn" parent_navigation_id="addOnDevelopment" display_order="10" link="add-ons/add" admin_permission_id="addOn" debug_only="1" hide_no_children="0"/>
  <navigation navigation_id="createCategory" parent_navigation_id="nodeTree" display_order="20" link="categories/add" admin_permission_id="" debug_only="0" hide_no_children="0"/>
  <navigation navigation_id="createForum" parent_navigation_id="nodeTree" display_order="30" link="forums/add" admin_permission_id="" debug_only="0" hide_no_children="0"/>
  <navigation navigation_id="createNewLink" parent_navigation_id="nodeTree" display_order="50" link="link-forums/add" admin_permission_id="" debug_only="0" hide_no_children="0"/>
  <navigation navigation_id="createNewUser" parent_navigation_id="usersSection" display_order="20" link="users/add" admin_permission_id="user" debug_only="0" hide_no_children="0"/>
  <navigation navigation_id="createPage" parent_navigation_id="nodeTree" display_order="40" link="pages/add" admin_permission_id="" debug_only="0" hide_no_children="0"/>
  <navigation navigation_id="createUserGroup" parent_navigation_id="userGroups" display_order="10" link="user-groups/add" admin_permission_id="userGroup" debug_only="0" hide_no_children="0"/>
  <navigation navigation_id="cronEntries" parent_navigation_id="toolsGroups" display_order="1" link="cron" admin_permission_id="cron" debug_only="0" hide_no_children="0"/>
  <navigation navigation_id="devInstallAddOn" parent_navigation_id="addOnDevelopment" display_order="20" link="add-ons/install-confirm" admin_permission_id="addOn" debug_only="1" hide_no_children="0"/>
  <navigation navigation_id="devListAddOns" parent_navigation_id="addOnDevelopment" display_order="30" link="add-ons" admin_permission_id="addOn" debug_only="1" hide_no_children="0"/>
  <navigation navigation_id="development" parent_navigation_id="" display_order="1000" link="development" admin_permission_id="" debug_only="1" hide_no_children="1"/>
  <navigation navigation_id="discouragedIps" parent_navigation_id="banning" display_order="40" link="banning/discouraged-ips" admin_permission_id="" debug_only="0" hide_no_children="0"/>
  <navigation navigation_id="emailTemplates" parent_navigation_id="development" display_order="100" link="email-templates" admin_permission_id="" debug_only="1" hide_no_children="1"/>
  <navigation navigation_id="emailTemplatesLink" parent_navigation_id="emailTemplates" display_order="1" link="email-templates" admin_permission_id="" debug_only="1" hide_no_children="0"/>
  <navigation navigation_id="emailUsers" parent_navigation_id="usersSection" display_order="25" link="users/email" admin_permission_id="user" debug_only="0" hide_no_children="0"/>
  <navigation navigation_id="feeder" parent_navigation_id="applications" display_order="20" link="feeds" admin_permission_id="node" debug_only="0" hide_no_children="1"/>
  <navigation navigation_id="feedlist" parent_navigation_id="feeder" display_order="10" link="feeds" admin_permission_id="node" debug_only="0" hide_no_children="0"/>
  <navigation navigation_id="home" parent_navigation_id="setup" display_order="1" link="index" admin_permission_id="" debug_only="0" hide_no_children="0"/>
  <navigation navigation_id="identityServices" parent_navigation_id="users" display_order="1000" link="identity-services" admin_permission_id="identityService" debug_only="0" hide_no_children="1"/>
  <navigation navigation_id="import" parent_navigation_id="tools" display_order="1000" link="" admin_permission_id="import" debug_only="0" hide_no_children="1"/>
  <navigation navigation_id="importExternalData" parent_navigation_id="import" display_order="1" link="import" admin_permission_id="" debug_only="0" hide_no_children="0"/>
  <navigation navigation_id="importLanguage" parent_navigation_id="languagesAndPhrases" display_order="100" link="languages/import" admin_permission_id="language" debug_only="0" hide_no_children="0"/>
  <navigation navigation_id="importStyle" parent_navigation_id="stylesAndTemplates" display_order="100" link="styles/import" admin_permission_id="style" debug_only="0" hide_no_children="0"/>
  <navigation navigation_id="installAddOn" parent_navigation_id="addOns" display_order="20" link="add-ons/install-confirm" admin_permission_id="addOn" debug_only="0" hide_no_children="0"/>
  <navigation navigation_id="languages" parent_navigation_id="languagesAndPhrases" display_order="1" link="languages" admin_permission_id="language" debug_only="0" hide_no_children="0"/>
  <navigation navigation_id="languagesAndPhrases" parent_navigation_id="appearance" display_order="20" link="" admin_permission_id="" debug_only="0" hide_no_children="1"/>
  <navigation navigation_id="listActiveUpgrades" parent_navigation_id="userUpgrades" display_order="10" link="user-upgrades/active" admin_permission_id="" debug_only="0" hide_no_children="0"/>
  <navigation navigation_id="listAddOns" parent_navigation_id="addOns" display_order="10" link="add-ons" admin_permission_id="addOn" debug_only="0" hide_no_children="0"/>
  <navigation navigation_id="listAllUsers" parent_navigation_id="usersSection" display_order="10" link="users/list" admin_permission_id="user" debug_only="0" hide_no_children="0"/>
  <navigation navigation_id="listIdentityServices" parent_navigation_id="identityServices" display_order="1" link="identity-services" admin_permission_id="identityService" debug_only="0" hide_no_children="0"/>
  <navigation navigation_id="listNodes" parent_navigation_id="nodeTree" display_order="10" link="nodes" admin_permission_id="" debug_only="0" hide_no_children="0"/>
  <navigation navigation_id="listUserGroups" parent_navigation_id="userGroups" display_order="1" link="user-groups" admin_permission_id="userGroup" debug_only="0" hide_no_children="0"/>
  <navigation navigation_id="listUserUpgrades" parent_navigation_id="userUpgrades" display_order="1" link="user-upgrades" admin_permission_id="" debug_only="0" hide_no_children="0"/>
  <navigation navigation_id="logs" parent_navigation_id="tools" display_order="100" link="" admin_permission_id="" debug_only="0" hide_no_children="1"/>
  <navigation navigation_id="moderators" parent_navigation_id="usersSection" display_order="110" link="moderators" admin_permission_id="user" debug_only="0" hide_no_children="0"/>
  <navigation navigation_id="navigation" parent_navigation_id="development" display_order="30" link="" admin_permission_id="" debug_only="0" hide_no_children="1"/>
  <navigation navigation_id="nodePermissions" parent_navigation_id="permissions" display_order="20" link="node-permissions" admin_permission_id="node" debug_only="0" hide_no_children="0"/>
  <navigation navigation_id="nodePermissionsTree" parent_navigation_id="nodeTree" display_order="1000" link="node-permissions" admin_permission_id="" debug_only="0" hide_no_children="0"/>
  <navigation navigation_id="nodeTree" parent_navigation_id="applications" display_order="10" link="nodes" admin_permission_id="node" debug_only="0" hide_no_children="1"/>
  <navigation navigation_id="options" parent_navigation_id="setup" display_order="10" link="" admin_permission_id="option" debug_only="0" hide_no_children="1"/>
  <navigation navigation_id="optionsLink" parent_navigation_id="options" display_order="1" link="options" admin_permission_id="option" debug_only="0" hide_no_children="0"/>
  <navigation navigation_id="outdatedPhrases" parent_navigation_id="languagesAndPhrases" display_order="150" link="phrases/outdated" admin_permission_id="language" debug_only="0" hide_no_children="0"/>
  <navigation navigation_id="outdatedTemplates" parent_navigation_id="stylesAndTemplates" display_order="150" link="templates/outdated" admin_permission_id="style" debug_only="0" hide_no_children="0"/>
  <navigation navigation_id="permissionDefinitions" parent_navigation_id="permissions" display_order="1000" link="permissions/definitions" admin_permission_id="" debug_only="1" hide_no_children="0"/>
  <navigation navigation_id="permissions" parent_navigation_id="users" display_order="50" link="" admin_permission_id="" debug_only="0" hide_no_children="1"/>
  <navigation navigation_id="phrases" parent_navigation_id="languagesAndPhrases" display_order="10" link="phrases" admin_permission_id="language" debug_only="0" hide_no_children="0"/>
  <navigation navigation_id="rebuildCaches" parent_navigation_id="toolsGroups" display_order="100" link="tools/rebuild" admin_permission_id="" debug_only="0" hide_no_children="0"/>
  <navigation navigation_id="routePrefixes" parent_navigation_id="navigation" display_order="20" link="route-prefixes" admin_permission_id="" debug_only="1" hide_no_children="0"/>
  <navigation navigation_id="searchForUsers" parent_navigation_id="usersSection" display_order="1" link="users/search" admin_permission_id="user" debug_only="0" hide_no_children="0"/>
  <navigation navigation_id="searchPhrases" parent_navigation_id="languagesAndPhrases" display_order="100" link="phrases/search" admin_permission_id="language" debug_only="0" hide_no_children="0"/>
  <navigation navigation_id="searchTemplates" parent_navigation_id="stylesAndTemplates" display_order="100" link="templates/search" admin_permission_id="style" debug_only="0" hide_no_children="0"/>
  <navigation navigation_id="serverErrorLog" parent_navigation_id="logs" display_order="1" link="logs/server-error" admin_permission_id="" debug_only="0" hide_no_children="0"/>
  <navigation navigation_id="setup" parent_navigation_id="" display_order="10" link="index" admin_permission_id="" debug_only="0" hide_no_children="1"/>
  <navigation navigation_id="smilies" parent_navigation_id="bbCodeAndSmilies" display_order="30" link="smilies" admin_permission_id="bbCodeSmilie" debug_only="0" hide_no_children="0"/>
  <navigation navigation_id="spamCleaner" parent_navigation_id="spamCleanerSplash" display_order="10" link="spam-cleaner" admin_permission_id="user" debug_only="0" hide_no_children="0"/>
  <navigation navigation_id="spamCleanerSplash" parent_navigation_id="applications" display_order="30" link="" admin_permission_id="user" debug_only="0" hide_no_children="1"/>
  <navigation navigation_id="styleProperties" parent_navigation_id="stylesAndTemplates" display_order="30" link="style-properties" admin_permission_id="style" debug_only="0" hide_no_children="0"/>
  <navigation navigation_id="styles" parent_navigation_id="stylesAndTemplates" display_order="10" link="styles" admin_permission_id="style" debug_only="0" hide_no_children="0"/>
  <navigation navigation_id="stylesAndTemplates" parent_navigation_id="appearance" display_order="10" link="" admin_permission_id="" debug_only="0" hide_no_children="1"/>
  <navigation navigation_id="templates" parent_navigation_id="stylesAndTemplates" display_order="40" link="templates" admin_permission_id="style" debug_only="0" hide_no_children="0"/>
  <navigation navigation_id="testFacebook" parent_navigation_id="toolsGroups" display_order="1000" link="tools/test-facebook" admin_permission_id="" debug_only="0" hide_no_children="0"/>
  <navigation navigation_id="testPermissions" parent_navigation_id="permissions" display_order="100" link="permissions/test" admin_permission_id="user" debug_only="0" hide_no_children="0"/>
  <navigation navigation_id="tools" parent_navigation_id="" display_order="50" link="tools" admin_permission_id="" debug_only="0" hide_no_children="1"/>
  <navigation navigation_id="toolsGroups" parent_navigation_id="tools" display_order="10" link="" admin_permission_id="" debug_only="0" hide_no_children="1"/>
  <navigation navigation_id="trophies" parent_navigation_id="trophiesAndUserTitles" display_order="10" link="trophies" admin_permission_id="trophy" debug_only="0" hide_no_children="0"/>
  <navigation navigation_id="trophiesAndUserTitles" parent_navigation_id="users" display_order="50" link="" admin_permission_id="" debug_only="0" hide_no_children="1"/>
  <navigation navigation_id="trophyUserTitles" parent_navigation_id="trophiesAndUserTitles" display_order="20" link="trophy-user-titles" admin_permission_id="trophy" debug_only="0" hide_no_children="0"/>
  <navigation navigation_id="userGroupPermissions" parent_navigation_id="permissions" display_order="1" link="user-group-permissions" admin_permission_id="userGroup" debug_only="0" hide_no_children="0"/>
  <navigation navigation_id="userGroups" parent_navigation_id="users" display_order="25" link="user-groups" admin_permission_id="userGroup" debug_only="0" hide_no_children="1"/>
  <navigation navigation_id="userPermissions" parent_navigation_id="permissions" display_order="10" link="user-permissions" admin_permission_id="user" debug_only="0" hide_no_children="0"/>
  <navigation navigation_id="userUpgrades" parent_navigation_id="users" display_order="50" link="user-upgrades" admin_permission_id="userUpgrade" debug_only="0" hide_no_children="0"/>
  <navigation navigation_id="users" parent_navigation_id="" display_order="30" link="users" admin_permission_id="" debug_only="0" hide_no_children="1"/>
  <navigation navigation_id="usersAwaitingApproval" parent_navigation_id="usersSection" display_order="100" link="users/moderated" admin_permission_id="user" debug_only="0" hide_no_children="0"/>
  <navigation navigation_id="usersSection" parent_navigation_id="users" display_order="10" link="" admin_permission_id="" debug_only="0" hide_no_children="1"/>
</admin_navigation>
